frameNo,carId,carBoundingBox,licenseBoundingBox,licenseBoundingBoxScore,licenseText,licenseTextConfidenceScore
0,1.0,[408.1966552734375 92.8948974609375 1525.0623779296875 861.2564697265625],[763.9149169921875 597.0130615234375 1045.775146484375 756.781982421875],0.8015292286872864,TNE3809,0.9868456106516811
1,1.0,[407.95904123994444 92.97595572924013 1524.9446197465104 861.903274542944],[764.2234497070312 595.99658203125 1043.703125 756.0042114257812],0.8028011322021484,TNE3809,0.5467561307390888
2,1.0,[404.3619433687546 93.45371341828047 1524.5863237215594 864.7918737854675],[765.8165283203125 595.456298828125 1042.47900390625 755.73779296875],0.8038449883460999,TNE3809,0.8338992183489499
3,1.0,[401.325021087261 93.57106152327964 1524.863013205058 867.8468845802329],[766.9488525390625 595.702392578125 1041.4583740234375 755.5697021484375],0.8049399852752686,TNE3809,0.7112283350252832
4,1.0,[397.14919393844366 93.14876224306488 1525.0343680320116 870.7850136189656],[766.3338623046875 595.7032470703125 1043.050537109375 754.5719604492188],0.8055625557899475,TNE3809,0.5243504615894337
5,1.0,[398.9776340374508 92.68859105187278 1524.7802426966252 867.8270472860844],[768.1361083984375 596.26953125 1043.4815673828125 756.941162109375],0.8015838861465454,TNE3809,0.8473300602251819
6,1.0,[401.2929651549713 92.58169630267724 1524.416843259843 864.1780689113061],[767.0642700195312 597.8761596679688 1040.72314453125 756.614501953125],0.8020663261413574,TNE3809,0.7849759503895731
7,1.0,[410.03863029442914 92.66076592016265 1527.6108948637664 861.9597659153951],[766.6561279296875 601.3742065429688 1041.185791015625 757.5511474609375],0.7822428345680237,TNE3809,0.6446291988250235
8,1.0,[411.1437397207012 94.38993249201735 1526.5302962345886 862.5185134266695],[765.7996215820312 600.0426025390625 1040.1258544921875 756.3077392578125],0.7837643623352051,TNE3809,0.7093116132931938
9,1.0,[414.68247440070957 96.18877166114851 1528.6396833068893 862.830875851162],[765.41650390625 600.67138671875 1041.0328369140625 758.7071533203125],0.7855021357536316,TNE3809,0.9926988034890835
10,1.0,[416.0499257593391 96.95676954923312 1529.2433661771665 862.6556480350364],[766.548583984375 600.9896850585938 1040.658935546875 758.4627685546875],0.7859053015708923,TNE3809,0.6687978113587961
11,1.0,[416.61421493061255 97.01421902744295 1529.3719530167878 862.10230583727],[766.58349609375 599.290771484375 1040.67529296875 756.639892578125],0.8009998798370361,TNE3809,0.9865305419350547
12,1.0,[413.293216354338 96.26795199917404 1526.2462593269754 862.3504793343554],[767.98974609375 600.457763671875 1040.2353515625 755.6566772460938],0.7864596247673035,TNE3809,0.7990450503269257
13,1.0,[411.0963597748166 95.66686936676604 1524.89493978443 862.3246808277598],[769.358642578125 602.1842041015625 1039.8486328125 754.7876586914062],0.7870620489120483,TNE3809,0.7803558832749524
14,1.0,[411.7926872089855 95.4356456114769 1525.5777134412033 861.7540975800998],[771.2733764648438 601.9625244140625 1041.565673828125 754.4188842773438],0.7564454078674316,TNE3809,0.5832521305774986
15,1.0,[415.4088404900791 96.15019886933374 1528.4475763939604 860.5743173158487],[768.3110961914062 599.9024658203125 1043.267822265625 756.178466796875],0.7811952829360962,TNE3809,0.7940232733858462
16,1.0,[416.8828828192384 96.72158047522885 1529.5754332698584 859.9044100828366],[769.2431030273438 600.232177734375 1043.864013671875 758.3135375976562],0.7874294519424438,TNE3809,0.899071940570307
18,1.0,[413.1825783881876 97.40746839291683 1526.678434545558 863.8667316321045],[767.0022583007812 599.2739868164062 1046.4561767578125 757.1253662109375],0.7814139127731323,TNE3809,0.982678302600565
19,1.0,[415.3837469779064 95.36659252872334 1528.4056894786563 859.4262472879116],[770.1236572265625 597.912109375 1045.147216796875 754.9908447265625],0.7862940430641174,TNE3809,0.9042504168069057
20,1.0,[407.160368482488 93.03598226064594 1523.5993311514121 856.3130060096356],[768.7979736328125 599.406494140625 1046.78173828125 752.3515625],0.8017807006835938,TNE3809,0.8578231813604398
22,1.0,[401.5424077763163 91.76677096569875 1521.428865197323 854.3203597529534],[763.8737182617188 594.33203125 1044.8046875 751.67236328125],0.7904936671257019,TNE3809,0.8790453537898035
24,1.0,[406.66053202195087 89.78686475917067 1524.1341682027914 850.7215506124323],[765.0086059570312 595.851806640625 1039.053466796875 745.1178588867188],0.7345180511474609,TNE3809,0.7242960324357228
25,1.0,[409.8800332440154 89.11638141509411 1525.0928993617063 849.1625981355145],[762.0275268554688 594.9454345703125 1049.98388671875 741.3524169921875],0.7568933367729187,TNE3809,0.6006958414608382
26,1.0,[410.3215467988348 88.8848884536381 1524.3966064516944 848.2273654201585],[765.4088745117188 595.31689453125 1050.724853515625 738.5652465820312],0.7642172574996948,TNE3809,0.712909868386277
27,1.0,[410.42463051211143 88.95226120438673 1523.6763515255268 848.2065037417451],[763.4757080078125 594.0198974609375 1046.0150146484375 736.0223388671875],0.7756922841072083,TNE3809,0.9832113675357226
28,1.0,[410.38597424679006 88.73602040720016 1522.8794418851382 847.6150141534807],[762.5619506835938 593.0257568359375 1040.3514404296875 739.0902099609375],0.7991185784339905,TNE3809,0.987131310408301
29,1.0,[408.4269190801516 88.16220502025539 1520.164225869481 847.6438385942918],[760.431884765625 590.6229248046875 1044.09033203125 742.3775634765625],0.8052049875259399,TNE3809,0.7496620999799797
30,1.0,[408.7116417946204 88.57165899088267 1520.2270398415656 847.606772567924],[759.3281860351562 593.7504272460938 1041.038818359375 746.4449462890625],0.8042445778846741,TNE3809,0.9134396674878023
31,1.0,[408.9268583392386 88.62072250970789 1520.3044895613668 847.4664430339006],[760.21923828125 591.0503540039062 1045.298828125 744.1876220703125],0.8031854033470154,TNE3809,0.8395909790684887
32,1.0,[409.0612709305458 88.67576124339314 1520.3095388524112 847.3888943392459],[760.2001953125 591.0316772460938 1045.331787109375 744.1109619140625],0.8032904267311096,TNE3809,0.8395909790684887
33,1.0,[409.3157265905211 89.14044479663085 1520.5848445228012 847.6974799013872],[754.9669189453125 591.2392578125 1042.9075927734375 746.4083251953125],0.783837080001831,TNE3809,0.7035121013885286
34,1.0,[408.71556827794393 89.72080043042371 1519.6111099708671 849.0877337673289],[756.4879150390625 597.34423828125 1042.77294921875 748.716796875],0.7669070959091187,TNE3809,0.5277000168704173
35,1.0,[408.50210331082565 90.79055284082028 1519.3232603365227 850.9811231385759],[758.31298828125 596.7537841796875 1041.8017578125 752.2421264648438],0.7816177606582642,TNE3809,0.9901733589273932
37,1.0,[397.978997264325 92.14095416261569 1515.0478974558664 853.876468456657],[758.974365234375 597.1693725585938 1042.76513671875 751.8289794921875],0.7969651222229004,TNE3809,0.745428603168223
38,1.0,[402.53932324715186 90.96079704882635 1518.0449656651454 852.7082399412598],[760.51220703125 602.078369140625 1034.110595703125 753.1675415039062],0.7908494472503662,TNE3809,0.8912242148157642
39,1.0,[403.9437101647891 90.53345530795985 1518.3173859730753 852.1580199201373],[759.7335815429688 599.73046875 1038.1080322265625 756.0655517578125],0.7973710298538208,TNE3809,0.9183108203861503
41,1.0,[400.26854452424107 93.93477400768376 1516.4011924579831 856.5392379678215],[758.2003173828125 602.8739013671875 1031.042236328125 758.383544921875],0.8000823855400085,TNE3809,0.7264961353962878
42,1.0,[402.7613511881525 95.14998828413587 1517.5298317134452 857.2198387075919],[758.0888671875 603.282958984375 1033.006591796875 762.462646484375],0.7986783385276794,TNE3809,0.9666829775638056
43,1.0,[395.18011053065845 97.24759483827711 1513.4870672606876 861.5417585593333],[761.4683837890625 602.6605224609375 1033.92138671875 757.9287109375],0.8000776767730713,TNE3809,0.8133300042948317
44,1.0,[394.08936682294905 98.72738284278819 1514.2765847436094 863.7798988625759],[763.2822875976562 598.8136596679688 1042.603515625 756.1256103515625],0.8112018704414368,TNE3809,0.9036956468645211
45,1.0,[390.4260237516793 99.2257145140133 1514.4279195503036 864.6261435980659],[765.6356201171875 605.4921875 1036.195068359375 758.8671875],0.7865594029426575,TNE3809,0.6461778595009197
46,1.0,[398.60021652992396 97.40701931219792 1520.2648801140433 861.5461138927402],[768.4112548828125 604.530029296875 1040.2591552734375 761.7262573242188],0.7929774522781372,TNE3809,0.9170507824025216
47,1.0,[398.061026807198 98.37242477297326 1520.6025045931428 863.6789413568729],[766.2640380859375 603.6982421875 1041.37255859375 761.600830078125],0.794080913066864,TNE3809,0.8016736439749261
48,1.0,[402.8016704467565 97.92275666253511 1523.5310948653146 864.3063653657737],[768.0289306640625 600.8375244140625 1039.502197265625 758.3792724609375],0.797947347164154,TNE3809,0.7052840505329296
49,1.0,[399.8372383642911 96.2759168724802 1522.3928548052588 862.8490870058317],[767.9466552734375 602.9703369140625 1039.0684814453125 757.7071533203125],0.7788985371589661,TNE3809,0.9424905033893568
50,1.0,[400.3270241351122 95.44841728020833 1523.1164843655515 862.4205103674338],[768.481201171875 603.32666015625 1037.828125 753.84326171875],0.7583863735198975,TNE3809,0.866542978078698
51,1.0,[401.2676453333014 95.04601017442741 1523.8494736627463 861.4355551838667],[769.8233642578125 604.3558959960938 1038.4462890625 751.8270263671875],0.7516452670097351,TNE3809,0.9244177652746838
52,1.0,[405.1808298094976 95.4778680336122 1525.5299339043559 862.1471769021189],[770.147705078125 600.556640625 1042.8033447265625 753.6827392578125],0.7595493197441101,TNE3809,0.8052703481433809
53,1.0,[402.37790736010277 95.18127526657872 1523.6442366719111 861.411047081791],[765.2195434570312 599.5711669921875 1046.7392578125 755.1602783203125],0.7784342169761658,TNE3809,0.9071755093132562
54,1.0,[402.1312002201861 93.84948135718497 1523.6449755070676 859.0748313189445],[767.7493286132812 599.4874877929688 1045.317626953125 756.8688354492188],0.7817786931991577,TNE3809,0.6704961362854421
55,1.0,[409.7663734996996 93.06645161639881 1529.5351061056626 856.5287786573771],[772.9674072265625 600.7769775390625 1041.7685546875 752.3483276367188],0.781556248664856,TNE3809,0.5877479810226561
56,1.0,[400.8633908553305 92.13714177368462 1523.7837642227423 855.2611937185623],[768.78955078125 602.906494140625 1044.473388671875 752.3167724609375],0.774631679058075,TNE3809,0.6334596238259066
57,1.0,[396.53775659273424 91.53283250150463 1521.9835278809285 854.7008695875045],[768.0509033203125 597.5429077148438 1042.746826171875 753.3343505859375],0.7984662055969238,TNE3809,0.5836864439241665
59,1.0,[407.8307159669183 89.78625397289323 1528.3151176257893 851.8292803245597],[763.1900024414062 596.5834350585938 1045.2689208984375 746.5427856445312],0.7624396681785583,TNE3809,0.8608185883665174
60,1.0,[410.2795440519616 88.09132900335896 1528.7742658078146 850.0279516619805],[765.5172729492188 591.4798583984375 1044.08984375 745.4261474609375],0.7896227836608887,TNE3809,0.8664531937534953
61,1.0,[411.46292644006564 87.36120522604364 1528.2557959940536 848.7991848956012],[766.681396484375 596.0706787109375 1046.1234130859375 742.2269287109375],0.7860059142112732,TNE3809,0.8716023975760361
62,1.0,[400.63247158660704 87.5484896366645 1520.984119303001 850.1438879728399],[766.3714599609375 589.6587524414062 1046.963623046875 740.1741943359375],0.8183095455169678,TNE3809,0.9259857954808907
63,1.0,[395.07971795420167 87.03672014307995 1518.3458594200174 850.5504102383252],[766.4901123046875 588.1444091796875 1046.63671875 740.88134765625],0.8210129737854004,TNE3809,0.7928289126037285
64,1.0,[391.5847750822978 86.54293485712822 1517.287683587856 850.4726100340923],[763.4962158203125 587.26513671875 1048.710693359375 741.159423828125],0.8002026677131653,TNE3809,0.6248733151991862
65,1.0,[391.8107075757666 86.98696860376441 1517.9956490209265 850.888944385697],[764.9273681640625 595.3961181640625 1042.197998046875 745.1942138671875],0.7803511023521423,TNE3809,0.7782546557608485
66,1.0,[393.55971278605193 87.84130505756661 1518.9366245786389 851.528545152092],[765.5404052734375 593.6357421875 1042.12841796875 740.4678955078125],0.7724725008010864,TNE3809,0.9286416034050278
67,1.0,[394.3088980431738 88.32221355214034 1519.3053993183476 852.9438575604361],[763.2291870117188 597.4059448242188 1041.388427734375 741.02587890625],0.7289690375328064,TNE3809,0.9400402779866732
68,1.0,[402.2127074238839 88.05796375748986 1524.195662598374 851.9419526668316],[763.9671630859375 596.66650390625 1047.017822265625 741.0543823242188],0.7292312383651733,TNE3809,0.5669734046878283
69,1.0,[396.81025480570713 88.72537505280292 1520.5064399692542 853.2955289756092],[763.191162109375 599.2919311523438 1039.585205078125 744.8842163085938],0.7209458947181702,TNE3809,0.8807030292868957
70,1.0,[393.3953842979163 88.67449061961008 1519.0414144224387 853.776025316206],[763.335205078125 598.9271850585938 1039.3408203125 748.319091796875],0.7334729433059692,TNE3809,0.6240112287058861
71,1.0,[401.4392495270822 87.74566020415517 1523.1105982363056 852.8818141504248],[765.7374267578125 596.6279296875 1040.119140625 748.9095458984375],0.7684733271598816,TNE3809,0.847885975387866
72,1.0,[393.2777526399701 88.44950489266665 1518.3023889816677 854.1473351125308],[766.761474609375 594.4608154296875 1041.164794921875 754.247802734375],0.7976747751235962,TNE3809,0.7542142164006248
73,1.0,[390.74065419093233 88.98569774377688 1517.571651644752 855.0064276009105],[763.129638671875 595.77197265625 1041.0843505859375 754.8216552734375],0.7979130148887634,TNE3809,0.7154105816809612
74,1.0,[393.5181570450237 89.13670957154153 1519.6708064703325 854.6988624440517],[765.9737548828125 596.8341064453125 1038.94482421875 751.0109252929688],0.8010579347610474,TNE3809,0.7841040520518777
75,1.0,[394.47017440796185 89.77476406526642 1520.0486766864587 854.773369084762],[765.7696533203125 600.3645629882812 1035.480224609375 754.4276733398438],0.796387791633606,TNE3809,0.6481780331984507
76,1.0,[393.39491360109673 90.48511423640434 1519.3294551955562 855.1218203549486],[765.5473022460938 602.54931640625 1035.49462890625 754.125244140625],0.7915725708007812,TNE3809,0.9969920281495422
77,1.0,[392.1382677990607 90.79799330954529 1518.7210838526848 854.984773451449],[762.9229736328125 601.8284912109375 1035.5556640625 754.6116943359375],0.7938829064369202,TNE3809,0.8237556069543863
79,1.0,[391.2390686924974 90.91151593352743 1518.7510615463166 855.247978309363],[762.3765869140625 600.8501586914062 1038.798095703125 753.3180541992188],0.7944645285606384,TNE3809,0.9981444523299692
80,1.0,[399.2751528340207 89.8409939603477 1523.8878647595704 853.5814151099585],[762.902587890625 599.3931884765625 1039.306396484375 752.9879150390625],0.7926911115646362,TNE3809,0.9800493439154195
81,1.0,[393.08365934894596 90.15869707426424 1519.9324878936507 854.5874377525611],[762.5029907226562 599.3702392578125 1040.498291015625 751.7437744140625],0.791548490524292,TNE3809,0.7540643145614015
82,1.0,[400.49107132515394 89.49403437756979 1524.462559205685 853.0744434391859],[764.130615234375 597.336181640625 1041.827392578125 753.1261596679688],0.8019128441810608,TNE3809,0.4846363694715269
83,1.0,[395.29422079844653 90.4440305254069 1520.6698542516779 854.8087917737062],[764.61328125 596.9964599609375 1040.030517578125 752.5018310546875],0.8013697862625122,TNE3809,0.757387241270415
84,1.0,[393.4758302660406 90.14295296520726 1519.706580399839 855.3796669127144],[763.40869140625 596.63037109375 1039.4576416015625 754.69140625],0.7965497374534607,TNE3809,0.8593274814437857
86,1.0,[403.7651424292394 86.3721859540305 1523.7882201082002 851.0340005208786],[765.5677490234375 598.0810546875 1039.319580078125 751.1057739257812],0.7589733600616455,TNE3809,0.6539078682306014
87,1.0,[405.2143676849647 86.17753484813545 1523.4260515188894 849.9313844055064],[763.9824829101562 599.4893798828125 1038.620361328125 746.87109375],0.7590245604515076,TNE3809,0.9422788487155289
89,1.0,[394.2728435067429 87.5776206580959 1514.8840689492179 851.9208478185469],[756.3098754882812 595.5819091796875 1042.2147216796875 746.5336303710938],0.7753305435180664,TNE3809,0.42917698496876866
90,1.0,[388.03282453150814 86.62504635072855 1512.5377198262115 852.5478080504125],[759.077392578125 596.7046508789062 1040.697998046875 744.3737182617188],0.7853336930274963,TNE3809,0.6158762922973038
93,1.0,[400.7069939506795 83.09176664188868 1522.327403914776 849.4040483827725],[758.9967041015625 593.77880859375 1043.81982421875 746.3607788085938],0.801202654838562,TNE3809,0.536090887964051
94,1.0,[395.0021267133752 83.88802442164649 1517.1693486385147 851.8672578518313],[762.5127563476562 591.683349609375 1048.0074462890625 743.776123046875],0.7965186834335327,TNE3809,0.7420165914040686
98,1.0,[403.0884292147441 82.6827894745004 1518.187281594604 847.1590189443496],[760.498779296875 587.3641357421875 1039.88134765625 742.98291015625],0.7866349816322327,TNE3809,0.9536213856247736
99,1.0,[402.52905109792925 81.19889954980994 1516.8649366665463 844.9477202594815],[758.6453857421875 586.9396362304688 1039.741455078125 744.3528442382812],0.7897719144821167,TNE3809,0.5263587870345927
100,1.0,[402.0280425146242 80.15473783867088 1516.040531954648 843.6308391749894],[757.8419799804688 591.5348510742188 1031.098388671875 745.1874389648438],0.8026241660118103,TNE3809,0.6178183709198488
101,1.0,[401.71695022818017 79.84667646431194 1515.2350254879339 843.4883111644804],[760.6947631835938 593.551025390625 1028.700439453125 748.484619140625],0.7967663407325745,TNE3809,0.7092448262866562
102,1.0,[401.6557401852044 80.27369913726346 1514.9795113863431 845.08149842799],[754.4818725585938 588.0565185546875 1032.54345703125 750.2171630859375],0.7956492304801941,TNE3809,0.608276357014088
103,1.0,[399.5195294792469 80.83373748184425 1513.2915049345775 846.4021106652988],[753.9617919921875 590.2684936523438 1037.714111328125 750.3550415039062],0.7981534600257874,TNE3809,0.5839736270134791
105,1.0,[396.95822230818317 83.05620072207358 1511.2761113961117 849.4526886099502],[756.2757568359375 595.0477294921875 1034.8992919921875 748.2581176757812],0.7559351921081543,TNE3809,0.8244507295588862
106,1.0,[395.9307438906126 84.01772733133055 1510.9634115411275 850.9889051628252],[757.7084350585938 593.68017578125 1032.7474365234375 750.294189453125],0.7741441130638123,TNE3809,0.5043001174093366
107,1.0,[390.43196673875343 84.48502601815233 1507.0634606837843 854.442067799293],[754.6912231445312 596.0211181640625 1028.039794921875 755.618408203125],0.7879237532615662,TNE3809,0.6058629378997358
108,1.0,[386.9141316319327 84.47379977578572 1505.350527345056 856.9072066187127],[755.4374389648438 599.0355834960938 1027.4857177734375 754.6929931640625],0.7878199219703674,TNE3809,0.8862870080976525
109,1.0,[389.3929713373524 81.97194828377337 1508.3487399540086 855.3667602474854],[754.7283325195312 599.3340454101562 1028.19189453125 754.9442138671875],0.7874104380607605,TNE3809,0.8172377663544983
110,1.0,[391.660656079482 82.04869002845032 1510.4112670404797 854.3764244746616],[753.6744384765625 600.057373046875 1028.0545654296875 754.6439208984375],0.7838913798332214,TNE3809,0.9123009453718218
111,1.0,[385.6387577114333 82.79708635877057 1506.478114565952 856.2878446055292],[752.6127319335938 601.4148559570312 1029.61083984375 755.3685302734375],0.7789818644523621,TNE3809,0.8699569110869017
112,1.0,[383.6692216158963 83.24749990484389 1505.7775336400223 857.2805429200553],[752.12939453125 602.153564453125 1030.3778076171875 755.8152465820312],0.776789665222168,TNE3809,0.7200350897545071
113,1.0,[388.6263445070655 81.3686881635561 1509.885993688425 855.4621972936166],[753.431640625 600.9255981445312 1029.8634033203125 756.0958251953125],0.7799344658851624,TNE3809,0.9769967397585819
114,1.0,[389.943834297638 80.54535651912937 1510.9571250047316 854.1117517239957],[754.9921875 596.473876953125 1029.810791015625 756.01513671875],0.7893092036247253,TNE3809,0.8913073646872466
115,1.0,[390.55360300028815 80.64616317537372 1511.2494660793227 853.5542738180884],[754.15478515625 595.6422729492188 1030.8670654296875 753.8010864257812],0.7860428094863892,TNE3809,0.5276717087216314
116,1.0,[387.8352781799367 82.58034892514775 1508.6267603384463 855.4043906512942],[758.150390625 594.072998046875 1033.6614990234375 749.4901123046875],0.7753429412841797,TNE3809,0.990093713568472
117,1.0,[386.9324599489004 83.0896924210557 1507.717681756717 855.5511686804485],[757.600830078125 595.065185546875 1034.138427734375 750.2108154296875],0.7766384482383728,TNE3809,0.9436635020633211
118,1.0,[386.9266064608536 82.75956865268029 1507.7932533078715 855.0661119822523],[756.0703125 594.295654296875 1033.86865234375 749.0711669921875],0.7706989645957947,TNE3809,0.6751420376099037
119,1.0,[391.3085605247828 81.94682985670534 1510.9654701023883 853.0426198313268],[754.1423950195312 593.5772094726562 1036.9720458984375 749.2340698242188],0.7692593932151794,TNE3809,0.9669215544021159
120,1.0,[386.1534100397015 81.3953888699399 1507.3273373285797 853.5055522207281],[753.864013671875 593.3798828125 1039.83447265625 746.84716796875],0.7661841511726379,TNE3809,0.5332541907102688
121,1.0,[382.00517549290055 79.45725440428379 1505.4597578117528 852.6537810952016],[754.70068359375 592.6961669921875 1033.133056640625 751.1968994140625],0.7848984599113464,TNE3809,0.5658663132114067
123,1.0,[382.0624695878082 78.32092784729502 1506.3661757976224 851.6970876025524],[755.3723754882812 592.7332763671875 1025.0712890625 750.378662109375],0.8013564944267273,TNE3809,0.6378357330129215
125,1.0,[378.5684728168619 74.51293894695641 1505.2685191526848 847.6966948102394],[749.6177978515625 591.4100341796875 1026.73876953125 746.8726806640625],0.7977651953697205,TNE3809,0.8913007782383184
126,1.0,[379.78811672545964 74.07940403718072 1506.8100459509496 847.3038293605691],[754.9358520507812 588.3858642578125 1032.10546875 743.1534423828125],0.8018084168434143,TNE3809,0.5753337574509891
127,1.0,[379.3611806954509 73.28921200834384 1506.9595846252291 845.9864008123866],[754.767822265625 588.208251953125 1030.9246826171875 742.0552368164062],0.7985795140266418,TNE3809,0.7705338307487151
128,1.0,[378.5907925843849 72.63050842776408 1507.0074811841578 844.738087009725],[752.824462890625 584.5519409179688 1029.59521484375 743.870361328125],0.803451657295227,TNE3809,0.8622004241488406
129,1.0,[377.954111415487 72.59036611495173 1506.570955031534 843.9373712224108],[751.1995239257812 583.6903076171875 1029.4755859375 742.5753173828125],0.8050469160079956,TNE3809,0.8370874741818269
131,1.0,[384.9263626895613 73.58694127107594 1509.870983173955 843.4341197238342],[747.3873291015625 586.8231201171875 1028.67431640625 739.854736328125],0.7947893142700195,TNE3809,0.9212876710689892
132,1.0,[379.0340033465926 73.71773118965314 1505.186413276524 844.1168566857443],[748.0661010742188 585.3526611328125 1032.680419921875 740.5135498046875],0.801182746887207,TNE3809,0.9836699830060243
133,1.0,[374.8582679323148 74.32107826005142 1502.1942047406828 844.8735069278524],[742.7183837890625 589.9487915039062 1026.61328125 746.3311157226562],0.8055493235588074,TNE3809,0.895273916107411
135,1.0,[381.8106239292557 75.01864809452843 1503.686674621349 844.9050502289032],[746.5995483398438 590.4226684570312 1022.1538696289062 747.6132202148438],0.8016433119773865,TNE3809,0.7746429176547435
136,1.0,[381.6390256277241 74.94837043178677 1502.1890810894106 845.4486305648716],[740.31591796875 585.9559326171875 1022.644775390625 743.0072021484375],0.7979249954223633,TNE3809,0.8986006710198722
137,1.0,[380.888769485226 75.66463764489322 1500.3549691783257 847.071812877163],[738.4974365234375 586.76611328125 1024.6954345703125 744.152587890625],0.7888901829719543,TNE3809,0.5175731349257384
139,1.0,[380.45556220488913 75.62004017511714 1498.725334789067 849.1250974277457],[738.3082275390625 594.7736206054688 1023.5048828125 751.3496704101562],0.7802395820617676,TNE3809,0.8704293140050526
140,1.0,[380.6614685905074 75.1660165978272 1498.590187052241 848.6494761218887],[741.1134033203125 594.6812744140625 1020.9608154296875 748.1536865234375],0.7866842746734619,TNE3809,0.44910629046652084
142,1.0,[380.5170281274908 76.43066992286458 1497.6786316955731 850.3316813032167],[739.540771484375 593.9445190429688 1019.1751708984375 750.0809326171875],0.7946770787239075,TNE3809,0.6900348631316613
143,1.0,[379.07620908169406 76.41842795226933 1496.5893764349776 850.3144589602962],[733.5493774414062 596.3717041015625 1017.081298828125 754.1500244140625],0.7882371544837952,TNE3809,0.9873064763224906
144,1.0,[378.07120385464486 77.52076155941961 1495.1998674723213 850.4001570748702],[732.7294921875 600.140869140625 1015.1143798828125 749.9949951171875],0.7778403759002686,TNE3809,0.8105930034349013
145,1.0,[376.5961082969301 78.5726385406378 1493.7012401225156 850.6008543543298],[734.1065063476562 600.0924682617188 1012.48388671875 752.2889404296875],0.7950157523155212,TNE3809,0.9110225029980931
146,1.0,[366.4947009019587 81.61945846353967 1488.6335643511998 853.5694558189177],[733.0801391601562 598.7525634765625 1013.287353515625 750.0460205078125],0.7804375290870667,TNE3809,0.6469485300112088
147,1.0,[370.9666173460738 82.01890684832642 1491.230922583149 852.8718100283797],[730.9381103515625 595.42529296875 1014.537109375 752.627197265625],0.802762508392334,TNE3809,0.7520772101672989
148,1.0,[371.7997153319769 82.12267576225014 1491.1439252380183 851.6037897768838],[730.8197021484375 595.8394775390625 1009.3643188476562 749.8613891601562],0.7940714955329895,TNE3809,0.628584264061467
149,1.0,[370.82618178904704 80.1308131107885 1489.3836809018699 850.3914245480779],[725.1557006835938 594.1591796875 1008.1409912109375 752.753662109375],0.7972764372825623,TNE3809,0.5191551412241903
150,1.0,[361.91782144768786 79.7295564085922 1484.9420328967328 850.3450010409476],[724.708740234375 593.6114501953125 1007.3016357421875 751.5340576171875],0.786349356174469,TNE3809,0.7493218031206857
151,1.0,[365.70495176251495 79.66410249706564 1487.0965484995718 849.4743372593432],[726.0726318359375 594.7017822265625 1008.518798828125 754.5843505859375],0.7813333868980408,TNE3809,0.9745144482462796
152,1.0,[366.8320316270325 79.42047202174035 1487.528250803517 850.2465413185053],[722.5938110351562 593.487060546875 1007.6513671875 754.772216796875],0.8058313131332397,TNE3809,0.7172010835078294
153,1.0,[367.9210484997891 80.77048188759386 1487.4281962791101 851.0059221469455],[718.752685546875 592.9334106445312 1009.2852172851562 754.8744506835938],0.7979719042778015,TNE3809,0.7738630161683554
154,1.0,[368.2436380465223 81.0058962141444 1486.480381106961 851.8701867064351],[721.0264282226562 593.7882080078125 1009.307373046875 752.67724609375],0.8034316301345825,TNE3809,0.6857400080954845
155,1.0,[367.38447710484024 78.74579996205887 1484.619369737672 850.6787916954564],[720.917236328125 592.1815795898438 1007.6844482421875 749.2959594726562],0.7987962961196899,TNE3809,0.3970270442562795
156,1.0,[360.2379872506383 78.51720020742772 1480.5545552138653 851.8121214037074],[721.1639404296875 586.6875 1007.8826293945312 751.4727172851562],0.808073103427887,TNE3809,0.7857434571205805
157,1.0,[354.22979787721624 77.8119410301465 1478.6295804723154 852.5515818703282],[712.90185546875 584.414306640625 1012.0606689453125 755.081298828125],0.8062020540237427,TNE3809,0.9859360716687303
158,1.0,[359.0159672352913 76.00648456362251 1482.2166189734983 851.2094315507115],[717.240966796875 586.54833984375 1005.907470703125 753.921142578125],0.8131917715072632,TNE3809,0.8647283501833383
159,1.0,[360.17422906090496 74.88676067036107 1482.2013604765896 851.3253724233093],[716.3428344726562 589.0604248046875 1004.67333984375 753.25537109375],0.8104463815689087,TNE3809,0.9936585017168758
160,1.0,[360.15874627377343 73.87281734167368 1481.4188945901637 850.9408013393129],[717.548583984375 588.8055419921875 1002.0855102539062 750.4432983398438],0.7940962910652161,TNL3809,0.35239711219974373
161,1.0,[359.33466310498443 73.40490588560931 1480.3073027173348 850.7283463957111],[720.029052734375 590.7573852539062 1002.21728515625 749.0275268554688],0.8048574924468994,TNE3809,0.7481615330729547
162,1.0,[358.6493127831304 73.40704622045422 1479.585439898222 851.3145607669044],[718.4398193359375 592.3377685546875 999.2152099609375 746.80517578125],0.805024266242981,TNE3809,0.9961128447735915
163,1.0,[358.44374280970476 72.88408040607453 1479.171664122618 850.2414063798772],[718.537109375 592.896484375 1000.5477294921875 746.0557250976562],0.8038007616996765,TNE3809,0.6370615631429728
164,1.0,[358.05479607766597 72.47018197073925 1478.2057645645245 849.1577458322324],[721.0670166015625 593.3391723632812 997.735595703125 746.5838012695312],0.8045443892478943,TNE3809,0.5944363899903057
165,1.0,[351.5501581700969 72.72550080329768 1475.2431746716218 848.9210936380726],[720.6509399414062 586.2152709960938 996.7135620117188 741.9268798828125],0.8095248937606812,TNE3809,0.5887880279361969
166,1.0,[348.8522935030286 73.49975274619538 1474.7996917168116 849.744500307854],[720.448486328125 586.88671875 994.0948486328125 744.4383544921875],0.8056519031524658,TNE3809,0.6582065754087295
167,1.0,[353.9777209250965 73.32013042778198 1477.3759896641861 846.9992165171416],[716.0594482421875 581.516357421875 1000.379638671875 741.9344482421875],0.8081077933311462,TNE3809,0.6975985316258765
168,1.0,[355.09023824129576 72.86360586121367 1476.8607406857711 845.7780714231583],[714.606201171875 586.8599853515625 1000.1478271484375 745.5755615234375],0.7974684238433838,TNE3809,0.7113908347797784
169,1.0,[357.22005669028283 71.66113709592491 1477.3813993210956 843.2440630072576],[715.1863403320312 589.2152099609375 998.543701171875 743.1329345703125],0.7863802313804626,TNE3809,0.5850094248787987
170,1.0,[356.99772015016947 71.82823322600888 1476.913805267793 843.4365795850294],[717.0455932617188 588.672607421875 998.7691040039062 744.666259765625],0.7912129759788513,TNE3809,0.6789679245635469
171,1.0,[360.38152461989523 71.27690676376932 1482.2135432869786 842.2969376781921],[718.0498046875 589.284423828125 997.3763427734375 744.7640380859375],0.7915757298469543,TNE3809,0.9821315700348431
172,1.0,[357.8649330231299 71.55422129592449 1479.5724721123624 841.7121624439742],[717.888427734375 588.4119873046875 996.4227905273438 745.2867431640625],0.797183096408844,TNE3809,0.5069754705749678
173,1.0,[357.090352335248 71.88773479849209 1478.5930212728326 841.3543765711993],[717.6485595703125 587.7911376953125 997.0090942382812 745.7581787109375],0.8005073070526123,TNE3809,0.7073683447680761
174,1.0,[356.7974693778099 72.1323753199502 1478.0950781410352 840.9730280269589],[717.310302734375 587.5169677734375 997.5206298828125 745.791015625],0.8014463782310486,TNE3809,0.9759757236990689
176,1.0,[354.0424151811718 71.04368823275212 1477.564103883094 841.059607822117],[714.7099609375 585.14990234375 997.2178955078125 747.8070068359375],0.8041276931762695,TNE3809,0.6286494223527744
177,1.0,[350.59923957223896 70.78781015076157 1476.4306818856157 841.1579985779508],[715.7855224609375 581.7481689453125 1001.485595703125 744.6214599609375],0.8135555386543274,TNE3809,0.9146901546015314
178,1.0,[351.6785530425649 70.7570617272487 1477.4693178043667 841.7142668243703],[717.2281494140625 583.2639770507812 1001.7216796875 742.6002197265625],0.8015732169151306,TNE3809,0.9406952414414361
179,1.0,[354.2902350563338 70.78818430409746 1478.6654805083003 841.7143719313785],[717.5164184570312 582.4918212890625 1000.6182861328125 743.7042846679688],0.8093951940536499,TNE3809,0.8530261882138923
180,1.0,[356.69683631309204 72.025338103033 1479.9308954321516 842.2825425235653],[717.4337768554688 582.633056640625 1001.0971069335938 743.0426025390625],0.8210570216178894,TNE3809,0.6597889609370166
181,1.0,[357.78402362783675 72.67945779007329 1479.9780480574595 842.3038202063701],[717.7118530273438 582.982666015625 1000.23193359375 742.5888061523438],0.8221045136451721,TNE3809,0.9791816294859208
182,1.0,[358.99774193803444 72.9925117141675 1480.8596481660265 841.9870603202089],[716.7811279296875 582.75390625 1001.3641357421875 743.255126953125],0.8147035241127014,TNE3809,0.6622949063355127
183,1.0,[359.59751977582266 73.45982815657203 1481.3401088784658 842.4465614596756],[715.7037963867188 582.4642333984375 1002.4432983398438 742.7012939453125],0.8097246289253235,TNE3809,0.8522789678633963
184,1.0,[358.48882418676374 73.25026515812908 1480.2869379354656 843.5047898394],[716.3985595703125 582.3934936523438 1002.3689575195312 741.9957275390625],0.8149189949035645,TNE3809,0.8619932267678129
185,1.0,[358.0394520025459 72.87770352804603 1480.0148637252905 844.1103244032665],[716.7008666992188 583.2352294921875 1001.63671875 741.4278564453125],0.8069896101951599,TNE3809,0.9333515480544102
186,1.0,[358.12178100513904 72.49655915628443 1480.0658549751493 844.1141760689673],[716.1754150390625 586.5225830078125 998.1787109375 747.5359497070312],0.7919683456420898,TNE3809,0.48745614185982367
187,1.0,[363.14111483273666 73.12946025772794 1487.7303379098366 844.206956910616],[718.2950439453125 589.1728515625 999.6942138671875 746.549560546875],0.7951633334159851,TNE3809,0.7807806494970247
188,1.0,[360.24946397949145 73.23446239779253 1483.6412468078465 843.6742765307948],[718.0443115234375 581.1378173828125 999.8006591796875 743.875],0.8273084163665771,TNE3809,0.9054422581057272
189,1.0,[357.2188909976759 72.84213568953862 1480.172714393867 843.7536774174672],[717.34716796875 580.177978515625 999.2634887695312 743.862060546875],0.8348570466041565,TNE3809,0.7657792331110216
190,1.0,[349.7550163770221 71.57445745615269 1476.1676083974148 842.9666166040248],[715.5836791992188 584.3589477539062 996.1012573242188 745.4027099609375],0.8060477375984192,TNE3809,0.8394516059805218
191,1.0,[346.92030517330886 71.13890523497003 1475.0061236334948 843.1719547492936],[714.931884765625 585.9139404296875 998.732177734375 743.76025390625],0.8006259202957153,TNE3809,0.979367753307718
192,1.0,[344.96856603344986 71.30237855153098 1474.6160972602527 843.6599549513278],[718.2493286132812 588.753173828125 995.3228759765625 742.1910400390625],0.7943246960639954,TNE3809,0.870902866161308
193,1.0,[344.92719573547845 71.24270422090405 1474.707054455907 843.4397874171043],[715.4649658203125 588.32080078125 996.2484130859375 743.6823120117188],0.8015136122703552,TNE3809,0.9981989410199658
194,1.0,[342.4933175279475 71.08307248002683 1473.5599143244638 843.691828855078],[712.537109375 588.71435546875 996.8974609375 744.1796875],0.7937533855438232,TNE3809,0.9568696800543512
195,1.0,[340.656541532029 71.10858765880522 1472.6713286273125 843.6254199646878],[716.5900268554688 591.047607421875 994.8814086914062 742.515869140625],0.7901111841201782,TNE3809,0.9607341023596526
196,1.0,[344.3886208271956 72.16740759520775 1472.862573304585 844.2159596748379],[713.394775390625 588.9228515625 994.29736328125 745.1160888671875],0.8002667427062988,TNE3809,0.950965686500116
197,1.0,[342.4620270586448 72.76987020829438 1471.245673806132 844.4963280780694],[710.0892333984375 587.8328857421875 992.1978149414062 746.126220703125],0.8066859841346741,TNE3809,0.8574268813843704
198,1.0,[342.91491842734047 73.26773539289866 1471.1267243943485 845.1329789663164],[711.4730224609375 587.7365112304688 990.0774536132812 744.1056518554688],0.8026849031448364,TNE3809,0.797198355747833
199,1.0,[344.54861604603377 72.85346218758849 1469.8275315293813 844.7604214111489],[710.93994140625 587.39404296875 986.5226440429688 744.6395263671875],0.7965661883354187,TNE3809,0.8815965632458105
200,1.0,[342.7089619999989 73.5604135769243 1468.2865234118235 844.8422289348555],[708.1757202148438 586.8011474609375 991.4765625 748.3726806640625],0.8024972677230835,TNE3809,0.9922824856645805
201,1.0,[342.19502730506963 74.0381319977019 1468.1015889104024 844.5424637416768],[708.5015869140625 587.522216796875 987.6527709960938 747.0726928710938],0.785646378993988,TNE3809,0.8274674394812922
202,1.0,[343.1513970125685 73.87297151758088 1466.809477161059 844.8593485669335],[708.86328125 587.0901489257812 985.4815063476562 748.051025390625],0.810282826423645,TNE3809,0.8968818200970563
203,1.0,[342.9407293705576 73.64162804937922 1464.6438707823938 844.6770091354085],[707.0316162109375 586.6063842773438 983.8206787109375 746.076171875],0.7996934056282043,TNE3809,0.8423087314929999
204,1.0,[343.1825176067251 74.09747298722937 1463.4407364161739 845.4010870474361],[709.4758911132812 584.1103515625 980.78466796875 743.4775390625],0.7942556142807007,TNE3809,0.8051205842432546
205,1.0,[342.79584711749396 73.7723924281525 1462.353729508393 845.4260830307549],[703.9129638671875 586.9190673828125 983.0023193359375 746.78515625],0.7904399633407593,TNE3809,0.744944659628022
206,1.0,[340.9468131964346 73.14677243331141 1460.2388495200903 845.0878063113689],[701.834228515625 588.398193359375 981.812744140625 747.42236328125],0.7883003354072571,TNE3809,0.8227341534290585
207,1.0,[339.960386086041 73.38389471556798 1459.0716124327714 845.2781337616875],[700.0279541015625 590.7373046875 986.8447265625 750.7648315429688],0.779752254486084,TNE3809,0.7932980636152475
208,1.0,[338.0852728627136 73.20337976364067 1457.163329052909 845.0022344962862],[696.2371826171875 592.0689697265625 985.2954711914062 753.0908203125],0.7789615988731384,TNE3809,0.7632100574062335
209,1.0,[331.53928531729866 75.42945873830058 1455.0483383910152 848.8378382155969],[694.5574951171875 591.8719482421875 983.9437866210938 755.09375],0.8000898957252502,TNE3809,0.8384730506268153
210,1.0,[328.02011189004236 76.14478327397052 1454.7756348513722 849.5696562723103],[697.336181640625 590.98681640625 980.6873779296875 753.1602172851562],0.7877725958824158,TNE3809,0.9850461688873765
211,1.0,[329.14187271290075 75.63595335556943 1454.6353776718431 849.8106211617517],[695.54638671875 592.3771362304688 980.153076171875 751.8712158203125],0.7884736061096191,TNE3809,0.8269693772580953
212,1.0,[329.0520876323226 75.41357390692713 1453.1731813329166 849.6122722239855],[690.19140625 592.9161987304688 986.308837890625 755.351806640625],0.791711688041687,TNE3809,0.7934943947704899
213,1.0,[329.42604917395977 75.8204196329458 1452.2035586471238 849.422115188353],[682.5426025390625 592.3531494140625 989.0673828125 757.5042114257812],0.7807663083076477,TNE3809,0.9859214495812609
214,1.0,[331.61704363431 76.9361216927773 1451.744936417104 849.9962395136776],[687.8739624023438 593.5130615234375 982.5640869140625 756.097900390625],0.7742788195610046,TNE3809,0.896329517614114
215,1.0,[333.5238536294237 78.25189849243276 1453.157670739494 851.2628966840746],[690.6438598632812 595.04541015625 978.081298828125 755.47314453125],0.7745620608329773,TNE3809,0.8729312959757443
216,1.0,[333.6599101692025 79.83884850886295 1452.8952732247164 852.5071565361351],[692.6668701171875 594.5537109375 977.213623046875 755.5999755859375],0.7815631031990051,TNE3809,0.5109014076804707
217,1.0,[332.64829991786155 80.44637696358001 1451.2252980951553 853.3366636422627],[692.3208618164062 596.6698608398438 976.6746826171875 755.7630615234375],0.802056074142456,TNE3809,0.8822717047383184
218,1.0,[331.53590105132844 81.65689829571613 1449.951228026012 854.7211177599617],[692.09423828125 599.8834228515625 974.295166015625 755.712646484375],0.7790760397911072,TNE3809,0.902362156418513
219,1.0,[329.6760387014357 81.55443353159728 1448.6682414678608 855.9041722943584],[696.50341796875 600.1441650390625 967.9736328125 751.745849609375],0.776272177696228,TNE3809,0.7362138626774574
220,1.0,[329.27049197097074 81.71059617477323 1448.1079609043054 855.2081443509812],[692.7006225585938 599.0989990234375 970.2139892578125 753.827880859375],0.7661921977996826,TNE3809,0.9824395773506018
221,1.0,[326.80307180788975 81.18147352458664 1446.4860233246795 854.2741666149532],[694.9447021484375 599.2645263671875 967.2540893554688 753.6856689453125],0.7817088961601257,TNE3809,0.8556304859112442
222,1.0,[324.36201509284 81.09562002327709 1445.315577914423 854.290984134604],[688.9080810546875 598.2764892578125 967.3229370117188 754.306884765625],0.779080331325531,TNE3809,0.9078213246433294
223,1.0,[323.9906004076697 81.70699312303526 1443.1256083443086 853.8225967965018],[687.0821533203125 600.228515625 966.5406494140625 755.9002075195312],0.7896351218223572,TNE3809,0.8022427073356954
224,1.0,[320.33952825843903 83.02885306810191 1441.0980062957374 854.4374524279044],[687.475830078125 597.77880859375 964.9425048828125 751.5052490234375],0.7998826503753662,TNE3809,0.9757009774097047
225,1.0,[320.7379878534896 84.06067273955432 1440.6963022079478 854.6654846844335],[684.4402465820312 597.0774536132812 964.377685546875 755.3624267578125],0.7971144914627075,TNE3809,0.9347088617480266
226,1.0,[320.8263868304141 85.47284714795916 1440.4343584586538 855.5136500564711],[686.499267578125 597.2294921875 963.38720703125 754.7627563476562],0.7942347526550293,TNE3809,0.9181786424371529
227,1.0,[318.9585829263109 86.83082719761137 1438.7598499652017 856.9043528168661],[686.4854736328125 597.6593627929688 961.143310546875 752.952392578125],0.7902957201004028,TNE3809,0.9389160556254303
228,1.0,[316.48738685437183 86.95696931459804 1437.0290733805089 857.2703862427952],[685.5999755859375 595.741455078125 958.5992431640625 754.4345703125],0.7946484088897705,TNE3809,0.8414988481867225
229,1.0,[315.73240089061517 86.53065985926912 1436.5821207463391 857.6444423173796],[682.8203125 595.084228515625 960.2894897460938 753.3836669921875],0.7967514991760254,TNE3809,0.8862428150707076
230,1.0,[315.16788892398404 86.99486057329847 1436.3169126291962 857.9704350899747],[684.629638671875 595.9544677734375 958.9439697265625 752.9189453125],0.7963286638259888,TNE3809,0.7365376819020587
231,1.0,[315.3507368587931 87.52373144268677 1436.538741269147 858.3802639866957],[683.9943237304688 595.8365478515625 959.6559448242188 753.8935546875],0.7977650761604309,TNE3809,0.9772182025274216
232,1.0,[315.2445902685977 87.71015833152143 1436.4597757279046 859.0063398154161],[683.71875 596.048583984375 961.0735473632812 753.933837890625],0.7980220317840576,TNE3809,0.9892565843081843
233,1.0,[315.3766614695762 88.72388627912312 1436.6024996473006 860.838282223505],[682.3545532226562 596.3406982421875 962.433837890625 754.8687744140625],0.7962109446525574,TNE3809,0.9290872343620412
234,1.0,[315.8100902371798 89.26329550783805 1436.790744745837 860.1764332092364],[682.473388671875 599.2366333007812 962.6273803710938 753.063720703125],0.7850156426429749,TNE3809,0.9948305407305201
235,1.0,[315.3797763359303 89.81254607915457 1436.9602547296727 860.4233840672522],[679.58984375 598.77880859375 965.8822021484375 758.5347900390625],0.7797011137008667,TNE3809,0.8662167347002211
236,1.0,[314.795898586392 90.08492207668587 1436.8135721469284 860.8251963550051],[682.693115234375 600.8734130859375 960.9098510742188 761.727783203125],0.790486752986908,TNE3809,0.7525415269320294
237,1.0,[317.12219804990593 90.51722989948843 1437.9739150433707 861.9268171773308],[684.2950439453125 603.4912109375 961.292236328125 759.7520751953125],0.7854108214378357,TNE3809,0.5605778158062135
238,1.0,[316.2097655263376 90.45076585272108 1438.132443403831 861.6746000320134],[681.4024047851562 602.7593994140625 963.1014404296875 762.0983276367188],0.7961002588272095,TNE3809,0.5917368375555144
239,1.0,[315.6590671827437 90.92714815642461 1438.3239436796298 861.9718620016954],[682.8902587890625 602.1153564453125 964.1654663085938 760.3414306640625],0.7835928201675415,TNE3809,0.9644131830823898
240,1.0,[319.2146646798403 92.13300459436255 1439.247324587675 861.1168851748273],[687.0170288085938 601.4605712890625 962.7213134765625 757.4971923828125],0.7750805020332336,TNE3809,0.9369807394325291
241,1.0,[321.961671790516 92.36812835992339 1440.986342759046 860.334041468266],[687.3313598632812 601.4613037109375 965.0174560546875 753.5275268554688],0.7782756090164185,TNE3809,0.6533833620188297
242,1.0,[324.32433396396175 91.2573051188358 1442.8095712062482 858.593981458895],[686.2738647460938 598.58544921875 967.7984619140625 756.974365234375],0.783724844455719,TNE3809,0.818062995971082
243,1.0,[323.0897621014659 90.658297630042 1442.4018549197572 858.5708486072544],[690.4744262695312 598.624267578125 968.17236328125 755.6422119140625],0.768229603767395,TNE3809,0.801188481337857
244,1.0,[325.4089103692713 89.58772087623942 1444.1729011861896 857.0247793731937],[694.54296875 598.6580810546875 968.0576171875 753.4873046875],0.7760887145996094,TNE3809,0.743283978109108
246,1.0,[329.78810334468335 90.40959255307456 1447.1332404698392 858.0443519505475],[696.624267578125 595.521484375 971.25927734375 754.5822143554688],0.7898142337799072,TNE3809,0.8381007196430197
247,1.0,[332.0988019526209 90.87694574063107 1448.0004386588894 856.9363772536642],[697.8707885742188 597.2540283203125 968.2391967773438 753.0191650390625],0.7962076663970947,TNE3809,0.8334845410953173
248,1.0,[333.4648928568281 91.48085022527897 1449.200747909868 856.9591685943358],[696.494873046875 596.551025390625 971.247314453125 755.413330078125],0.7895979881286621,TNE3809,0.8921184489381537
249,1.0,[334.72362858091526 92.03197788542536 1450.357353774437 855.7217474968104],[695.2575073242188 597.1349487304688 972.4412841796875 756.5157470703125],0.7841818928718567,TNE3809,0.5047408034538404
250,1.0,[335.0137019970806 91.7691353193087 1450.587368585083 854.170710010453],[693.574462890625 596.3527221679688 977.2127685546875 758.2408447265625],0.7983848452568054,TNE3809,0.6873916790332602
252,1.0,[339.1897232116935 90.0895148720324 1452.300742162249 850.8479855217897],[698.0675048828125 601.4542236328125 974.3479614257812 754.8770751953125],0.7795420289039612,TNE3809,0.6568704423858478
253,1.0,[339.86142589576446 90.28297659435219 1453.1092494687746 850.8101563115906],[699.3223876953125 603.3861694335938 978.0565795898438 754.0859985351562],0.7750168442726135,TNE3809,0.8879675518090803
254,1.0,[339.8324740322762 89.94507192784226 1453.1721941966346 851.0543543675591],[702.0345458984375 595.790283203125 980.322265625 750.5389404296875],0.7705187201499939,TNE3809,0.8094027460124789
255,1.0,[342.16927917412363 87.84379677841525 1452.895466506278 849.0038377496228],[692.685546875 594.4400634765625 986.4120483398438 755.00634765625],0.778593122959137,TNE3809,0.6752035334079054
257,1.0,[343.87536457185877 85.06936103993462 1452.3646074366216 846.1317019674698],[696.7603759765625 594.97607421875 981.398681640625 746.8770751953125],0.7861332893371582,TNE3809,0.8343911185594397
258,1.0,[341.2041417736185 85.8398564138368 1451.287640471112 847.2288634392198],[693.275634765625 593.900146484375 982.2797241210938 746.382080078125],0.7879472970962524,TNE3809,0.7407685816813064
259,1.0,[339.9919087319397 86.08481505128884 1451.6235878024854 847.4673435768635],[695.221435546875 592.0333251953125 982.21142578125 746.8866577148438],0.7894533276557922,TNE3809,0.5999362904909596
260,1.0,[342.0285285156309 85.00042102493376 1452.5963107339803 846.5836142350176],[703.841552734375 592.7708740234375 980.08642578125 748.230224609375],0.7868463397026062,TNE3809,0.9674861859927792
262,1.0,[343.0079098639728 83.14021946301841 1457.4113453871266 847.0331262159997],[708.9724731445312 592.5540161132812 977.394287109375 748.2797241210938],0.8004674315452576,TNE3809,0.9561905610199184
263,1.0,[344.3506804454912 82.81382970896226 1459.6965129692035 847.5773234642847],[711.0294189453125 593.9093627929688 978.57470703125 748.0447998046875],0.7935295701026917,TNE3809,0.8828596678647547
443,53.0,[344.44491357185996 2.425829956714324 1732.1783186655543 888.0584866336774],[925.777587890625 610.7667236328125 1273.513427734375 782.720703125],0.7973209619522095,HDK6509,0.9930893845396953
449,63.0,[339.7895152057454 -0.6002061198993829 1655.7084110942774 879.9224982151559],[902.2733154296875 610.20263671875 1256.964599609375 788.7800903320312],0.8002374768257141,HDK6509,0.9610027004975782
966,188.0,[1.0947536890728884 46.369742173451925 962.9177758148544 1065.8630010238076],[658.3680419921875 435.6806945800781 873.741455078125 647.9496459960938],0.5934898853302002,TKL4945,0.5033903037680639
967,188.0,[1.7747829636456345 44.657314079374316 967.6478879309446 1067.082971991406],[668.0667724609375 438.8557434082031 881.09814453125 637.9986572265625],0.5133806467056274,TKL4945,0.7269810958332298
968,188.0,[3.1216028117580663 41.58735118729135 975.2224854582764 1067.0124877629114],[681.6746215820312 438.7348937988281 873.2589111328125 627.197265625],0.6667515635490417,TKL4945,0.5348014642024436
973,188.0,[3.2848158010215798 32.21163442251748 1005.6738790835984 1067.385722094321],[688.0078125 424.60107421875 906.0831298828125 631.06494140625],0.5959615111351013,TKL4945,0.9816162727662889
982,188.0,[1.6777970577957149 11.029383256060555 1029.3495967171636 1061.7714744708057],[709.3489990234375 385.28118896484375 999.7197265625 623.8522338867188],0.4980112910270691,TKL4945,0.7899380148165258
1043,206.0,[2.28480997116003 -0.053478453603247544 1139.4852099554107 1056.1577146671586],[771.4096069335938 355.3516845703125 995.9866333007812 555.9552612304688],0.7254394888877869,TKL4945,0.9745331463844658
1044,206.0,[3.78099681910453 -1.0757156597243238 1146.256648993111 1056.447451147038],[769.85107421875 351.2906799316406 998.901611328125 555.2908935546875],0.6987887620925903,TKL4945,0.9792746095650465
1045,206.0,[3.3098518269869146 -0.6616993454143767 1147.7237569253612 1056.0421716379246],[771.4484252929688 351.83587646484375 999.4894409179688 554.1787719726562],0.7134160399436951,TKL4945,0.9735202075780273
1047,206.0,[2.416853753523469 0.26138831071796176 1149.043344593168 1055.7803218101117],[769.2958374023438 348.5865478515625 1003.3060913085938 550.3277587890625],0.716220498085022,TKL4945,0.8061880341719487
1048,206.0,[2.148305056377353 0.23637943383141646 1149.9879551201393 1055.04763105757],[771.4030151367188 353.13543701171875 996.9384155273438 552.7398071289062],0.7260202169418335,TKL4945,0.9366731680026882
1074,210.0,[-0.9605558466297452 1.8290646891816777 1236.608356876001 1047.5149811156489],[802.306396484375 340.9955749511719 1056.244384765625 549.5262451171875],0.8119012713432312,TKL4945,0.8850500666551986
1075,210.0,[0.36605142559710657 -0.34449495781882433 1246.2255625489493 1051.2421257247995],[812.126953125 349.5555725097656 1048.3326416015625 540.6619262695312],0.7827734351158142,TKL4945,0.8501897017535609
1076,210.0,[1.4540692808002404 -2.5797241334979617 1253.7725811773541 1050.711895861286],[811.724609375 342.47491455078125 1063.11669921875 542.4127197265625],0.8060607314109802,TKL4945,0.8663606553453294
1077,210.0,[1.0256316971978094 -2.983044338954187 1257.390772670798 1051.6293780519231],[816.6318969726562 342.6063232421875 1066.2109375 539.4853515625],0.8116685748100281,TKL4945,0.9210028941196075
1078,210.0,[1.6241264447685353 -3.7977695000868152 1261.4794324604647 1050.4306696097508],[824.1395263671875 345.47918701171875 1061.2476806640625 539.2247314453125],0.7908419370651245,TKL4945,0.9667168294346646
1079,210.0,[0.9051851181766324 -3.7355911221106908 1262.6936265546747 1050.1052871990787],[824.6987915039062 341.9169921875 1069.989501953125 537.4989013671875],0.7799928784370422,TKL4945,0.9741020839614617
1097,213.0,[0.3842962322685253 0.007938413912654596 1268.2467240108986 1009.4635174984362],[791.0233154296875 309.8495788574219 1058.21923828125 515.9390258789062],0.7875670194625854,TKL4945,0.9342244667236652
1098,213.0,[0.4018715294969297 -0.1671986153811531 1267.7707053276793 1008.2767372081817],[787.8248291015625 304.88836669921875 1060.593505859375 516.688232421875],0.7560712695121765,TKL4945,0.9913723972531029
1100,213.0,[2.1930091296593446 -1.5531315775217536 1270.4405250989726 1002.7857691870234],[787.2293701171875 301.5721435546875 1062.317138671875 514.60302734375],0.7851423025131226,TKL4945,0.9921431190866514
1101,213.0,[4.123664709758486 -2.393693421157934 1275.2769493174162 999.1780418078422],[793.6861572265625 300.8207702636719 1055.83935546875 504.81060791015625],0.816426694393158,TKL4945,0.981054896018009
1103,213.0,[4.887403247548036 -4.049635925182429 1277.9335137280784 989.0542031140689],[789.7318115234375 289.1416320800781 1054.3240966796875 491.507080078125],0.8160691857337952,TKL4945,0.9954058752235462
1104,213.0,[4.982159034662118 -5.213992298643404 1278.442037370386 980.7580043219282],[787.167724609375 282.24517822265625 1058.833984375 484.5319519042969],0.8065869212150574,TKL4945,0.9832851331371696
1105,213.0,[5.252735463802878 -5.390346782284439 1279.6762408854256 974.0404312153078],[788.25927734375 276.7529296875 1059.751220703125 478.07867431640625],0.7905635833740234,TKL4945,0.6112246888332683
1106,213.0,[6.799602151868612 -5.910650840089318 1284.4569749830994 966.5882306938165],[783.77197265625 267.05816650390625 1073.297607421875 470.53936767578125],0.846298336982727,TKL4945,0.6095593295887626
1107,213.0,[6.322982903946354 -5.915296977540436 1283.6484835733222 959.3707064680773],[798.5679931640625 261.1011657714844 1068.6697998046875 462.18310546875],0.8051385879516602,TKL4945,0.9886813402721459
1108,213.0,[6.71688268512662 -5.006936009471815 1286.6065195033573 952.7724727647824],[797.2161254882812 254.7703857421875 1073.4013671875 461.63360595703125],0.8171117305755615,TKL4945,0.8270760240445221
1109,213.0,[6.985460283704242 -4.041160742062573 1289.1351600180876 947.6302556215949],[800.8150634765625 252.18873596191406 1073.597900390625 463.7066650390625],0.8275046944618225,TKL4945,0.9918077773114232
1111,213.0,[7.572124483081211 -1.7121546447108358 1295.1031194170496 937.5942671802394],[793.8902587890625 243.45323181152344 1076.4229736328125 452.2073974609375],0.7964363098144531,TKL4945,0.9204661425589743
1113,213.0,[7.186891949307324 0.701763471605716 1298.1027138032337 928.2956510488018],[781.17626953125 236.38636779785156 1081.651611328125 448.3872985839844],0.7941954731941223,TKL4945,0.6632712400478531
1115,213.0,[7.2810732855475635 1.6398366815574263 1301.7570314888526 920.5142692117768],[786.6798706054688 231.32972717285156 1073.34130859375 443.64813232421875],0.8108890056610107,TKL4945,0.9351787085769829
1116,213.0,[7.0067874253571745 0.8017301666905041 1303.6701808335738 916.7983413961132],[782.1474609375 228.8470001220703 1075.4091796875 442.35223388671875],0.8223090171813965,TKL4945,0.8201118722335353
1117,213.0,[5.911270558164006 0.46162888807623403 1303.8743974280858 915.0137979763612],[782.7991333007812 225.98455810546875 1081.9677734375 440.4469299316406],0.8036917448043823,TKL4945,0.7345404260196398
1118,213.0,[5.047792436064128 1.11882615327022 1304.0742119622435 914.9538912594469],[775.498779296875 224.22509765625 1084.0621337890625 444.3043212890625],0.8186935782432556,TKL4945,0.8755709032356894
1119,213.0,[3.6345227186106968 9.302089202129878 1300.3119206980914 919.9796931821719],[772.93505859375 229.0469970703125 1069.755615234375 444.8070373535156],0.8152843117713928,TKL4945,0.9650889588999029
1120,213.0,[2.0036428522207643 9.615436096411997 1297.0020468137723 922.4716543539155],[771.283447265625 233.4364013671875 1066.632080078125 447.6429443359375],0.8124539256095886,TKL4945,0.9494687688746304
1121,213.0,[2.733734440016974 7.51978257254973 1298.52792856417 925.4899703905845],[766.021484375 235.1168975830078 1059.91357421875 448.914794921875],0.8229007124900818,TKL4945,0.9093050157003035
1122,213.0,[0.61790706548652 6.716641137316628 1294.059139591207 928.8016687050796],[753.5980834960938 232.0455780029297 1066.093505859375 454.475341796875],0.8443046808242798,TKL4945,0.7727036824353313
1123,213.0,[-0.47787110910974206 7.79102071292715 1290.1620731343992 932.7245400187719],[758.92578125 244.48988342285156 1058.1671142578125 457.0684814453125],0.8243998289108276,TKL4945,0.9161143059639238
1124,213.0,[0.004172019548036587 8.126436405674383 1290.066069415987 939.9044620953293],[760.0947265625 248.77276611328125 1056.5048828125 466.6856689453125],0.8503347039222717,TKL4945,0.9480809017808327
1125,213.0,[-1.9002672870207107 7.762636557235226 1282.57671556496 945.2036554971489],[759.5963134765625 257.9396057128906 1048.99853515625 471.5401611328125],0.8414742350578308,TKL4945,0.8756560883185897
1126,213.0,[0.6377023157979238 8.163587196710637 1286.7829287438005 952.6308607662764],[757.9320068359375 263.6807556152344 1047.7186279296875 477.6052551269531],0.8150250911712646,TKL4945,0.9916706044789031
1127,213.0,[1.4414358122941167 9.682557666152945 1289.5485214538144 963.2490644406064],[752.9932250976562 270.3658142089844 1050.67041015625 488.2481689453125],0.8092114329338074,TKL4945,0.9541616809038331
1128,213.0,[1.166267955130138 8.33401778725721 1290.1072157209178 968.0963536122097],[749.373291015625 272.0389404296875 1055.44873046875 492.760009765625],0.8176420331001282,TKL4945,0.9823564020883617
1129,213.0,[0.873158938016104 8.236127947207365 1290.6143743077985 974.8425072151543],[750.0521240234375 277.107666015625 1049.21240234375 497.7430419921875],0.8212199807167053,TKL4945,0.924763588251001
1132,213.0,[1.2344159124344287 7.024046801532961 1290.724661864891 990.2002663567941],[751.3817138671875 292.1728820800781 1052.4627685546875 513.3321533203125],0.8345651030540466,TKL4945,0.9674561062368364
1133,213.0,[1.483627577613106 6.669352880322094 1292.962434603368 995.3184171190322],[745.6640014648438 294.2500305175781 1053.8975830078125 520.9451904296875],0.8382294178009033,TKL4945,0.8932258874348454
1134,213.0,[0.7836116784096703 5.8495396618407085 1292.7591661979425 998.9128459635014],[752.9064331054688 300.23828125 1048.6959228515625 517.417724609375],0.8471213579177856,TKL4945,0.7864996601890842
1139,213.0,[2.58659637440644 6.921629788947939 1298.719914374783 1006.7403710878892],[748.5617065429688 313.9312438964844 1059.643798828125 527.9769287109375],0.7997826337814331,TKL4945,0.6072765497108731
1141,213.0,[2.1768349526030306 6.910821672687689 1300.8127851830022 1012.8163662052856],[755.3446044921875 318.1640930175781 1067.919189453125 538.140380859375],0.8125311136245728,TKL4945,0.9827814187050128
1142,213.0,[2.437028285337419 6.159567135930331 1304.064489722808 1017.1381691418837],[753.7342529296875 319.82073974609375 1067.551513671875 540.9456176757812],0.8113887906074524,TKL4945,0.9623500268405651
1143,213.0,[0.8966840842493866 5.142743411683057 1303.2228560196968 1020.0416998612843],[753.7454223632812 320.19879150390625 1073.1982421875 541.507568359375],0.8144030570983887,TKL4945,0.9671212079409472
1144,213.0,[0.37115662657060966 3.6555645908831593 1303.408593701768 1020.8987982743554],[752.4925537109375 320.1742858886719 1066.782470703125 543.0360107421875],0.8085256218910217,TKL4945,0.9621222693814552
1145,213.0,[0.14353412160266998 2.8051961203345286 1303.8547411184625 1022.0254120370853],[752.173095703125 320.09576416015625 1067.0537109375 543.0469970703125],0.8088478446006775,TKL4945,0.36650631541218837
1173,216.0,[675.7039720371 258.23633023541606 1249.2995427351939 684.3005160104094],[912.8713989257812 552.0851440429688 1026.289794921875 620.7305908203125],0.68888920545578,LEF4841,0.21851955441815496
1187,216.0,[665.1584833457599 249.25990385240968 1269.4339055276168 701.7279344622038],[889.7997436523438 566.0421752929688 1031.4400634765625 637.732666015625],0.6122381091117859,VKV9841,0.179950114724865
1189,216.0,[664.6909834397545 246.9539304835464 1273.330082303303 698.0423283973748],[918.6917724609375 567.9295654296875 1037.0086669921875 638.9224243164062],0.7150994539260864,TKF4641,0.32268476813078784
1206,216.0,[613.83222005271 250.8780677088301 1292.6208484180984 752.761241873108],[909.6324462890625 591.8919677734375 1046.6070556640625 672.93408203125],0.6279782056808472,UKV9641,0.5229302493215303
1216,216.0,[602.1287804090703 240.2101146826597 1318.878370234981 763.1136852427135],[910.0633544921875 609.9629516601562 1054.299560546875 685.4163208007812],0.6768487691879272,LKV9841,0.6733884304958176
1224,216.0,[609.118236267471 241.6268527944115 1327.9971529491204 771.1766924330225],[905.5995483398438 612.2545166015625 1060.610107421875 701.3206787109375],0.6727681159973145,UKV9841,0.4612639072836156
1231,216.0,[601.0980560022767 236.42923207501696 1337.948575055254 788.4938237665119],[889.09130859375 620.482177734375 1063.9266357421875 715.0164184570312],0.7465632557868958,UKV9841,0.36884728763019936
1232,216.0,[600.2765574212951 234.5714012452587 1339.4063925106764 788.6517499758262],[895.7164306640625 622.2320556640625 1067.0782470703125 713.4185791015625],0.7180761098861694,UKV9841,0.549026128835668
1244,216.0,[587.7808545874562 232.00553804984952 1363.3338795906352 802.4176681472588],[906.799560546875 641.5922241210938 1086.9442138671875 737.8909912109375],0.7278282642364502,UKV9841,0.7268069736017821
